<?xml version="1.0" encoding="UTF-8"?>
<Configuration>
  <DataLinkSQLPlusWebserviceCon>
    <ConnectionID>ip21_0001</ConnectionID>
    <Description>IP21 via websvc RTPSAMOC004</Description>
    <ConnectionString>
      <![CDATA[
      http://RTPSAMOC004/SQLPlusWebService/sqlpluswebservice.asmx
      ]]>
    </ConnectionString>
    <useNTLM>1</useNTLM>
    <Domain></Domain>
    <Username></Username>
    <Password></Password>
    <Enabled>0</Enabled>
  </DataLinkSQLPlusWebserviceCon>
</Configuration>
