<?xml version="1.0" encoding="UTF-8"?>
<Configuration>
  <DataLinkADOOracleCon>
    <ConnectionID>ora_0001</ConnectionID>
    <Description>LIFT via ADO Oracle ukprd613</Description>
    <Username>ods_zeb</Username>
    <Password>ZEBODS_ZB842</Password>
    <Database>ukprd613</Database>
    <ConnectionString>
      <![CDATA[
      Provider=OraOLEDB.Oracle.1;Persist Security Info=True;User ID=ods_zeb;Password=ZEBODS_ZB842;Data Source=ukprd613;
      ]]>
    </ConnectionString>
    <Enabled>0</Enabled>
  </DataLinkADOOracleCon>
  <DataLinkADOOracleCon>
    <ConnectionID>ora_0002</ConnectionID>
    <Description>LIMS via ADO Oracle usprd259</Description>
    <Username>sasreport</Username>
    <Password>sasreport</Password>
    <Database>usprd259</Database>
    <ConnectionString>
      <![CDATA[
      Provider=OraOLEDB.Oracle.1;Persist Security Info=True;User ID=sasreport;Password=sasreport;Data Source=usprd259;
      ]]>
    </ConnectionString>
    <Enabled>0</Enabled>
  </DataLinkADOOracleCon>
</Configuration>
