<?xml version="1.0" encoding="UTF-8"?>
<Configuration>
  <DataLinkBatch21WebserviceCon>
    <ConnectionID>b21_0001</ConnectionID>
    <Description>Batch21 via websvc zebsamoc002</Description>
    <ConnectionString>
      <![CDATA[
      http://zebsamoc002/Batch21ws/Aspentech.Batch21.Web.Services.dll?Handler=Default
      ]]>
    </ConnectionString>
    <useNTLM>1</useNTLM>
    <Domain></Domain>
    <Username></Username>
    <Password></Password>
    <XMLMap>b21_0001.map</XMLMap>
    <Enabled>1</Enabled>
  </DataLinkBatch21WebserviceCon>
</Configuration>
