<?xml version="1.0" encoding="UTF-8"?>
<Configuration>
  <Queries>
    <ConnectionID>fw_0001</ConnectionID>
    <QDescription>SQL Server Query con fw_0001</QDescription>
    <Query>
      <![CDATA[
        SELECT fwn.BatchList.sBatchNbr,fwn.Product.sProdName,fwn.TestItem.sItemName,fwn.VariableStp.dtSplTakenTime,fwn.IndValues.rValue1,fwn.IndValues.rValue2,fwn.IndValues.rValue3,fwn.IndValues.rValue4,fwn.IndValues.rValue5,fwn.ProdItemMach.nItemID
        FROM fwn.VariableStp INNER JOIN fwn.IndValues ON fwn.VariableStp.nSplRecID=fwn.IndValues.nSplRecID INNER JOIN fwn.BatchList ON fwn.VariableStp.nBatch1ID=fwn.BatchList.nBatchID LEFT OUTER JOIN fwn.ProdItemMach INNER JOIN fwn.TestItem ON fwn.ProdItemMach.nItemID=fwn.TestItem.nItemID ON fwn.VariableStp.nID=fwn.ProdItemMach.nID AND fwn.BatchList.nItemID=fwn.TestItem.nItemID LEFT OUTER JOIN fwn.Product ON fwn.ProdItemMach.nProdID=fwn.Product.nProdID
        WHERE fwn.Product.sProdName like 'Valtrex%' and fwn.batchlist.sbatchnbr='10000000008557-9zm4996' and fwn.BatchList.bBatchFinished=1 ORDER BY fwn.BatchList.sBatchNbr,fwn.VariableStp.dtSplTakenTime
      ]]>
    </Query>
    <QueryResultParser></QueryResultParser>
    <OutputDir>u:\projects\DPv2\OUTPUT_COMPILED_DATA</OutputDir>
    <OutputFile>FWa</OutputFile>
    <Retries>0</Retries>
    <isQueryActive>0</isQueryActive>
  </Queries>
  <Queries>
    <ConnectionID>ip21_0001</ConnectionID>
    <QDescription>IP21 SQLPlus Query con ip21_0001</QDescription>
    <Query>
      <![CDATA[
        SELECT NAME, TS, VALUE
        FROM HISTORY
        WHERE TS BETWEEN '02-APR-10 00:00:00' AND '21-APR-10 15:00:00' AND PERIOD = 5000 AND NAME='23034794.Vessel.Pres.PV' UNION ALL SELECT NAME, TS, VALUE FROM HISTORY WHERE TS BETWEEN '02-APR-10 00:00:00' AND '21-APR-10 15:00:00' AND PERIOD = 5000 AND NAME='23034794.TARE.WEIGHT.PV' UNION ALL SELECT NAME, TS, VALUE FROM HISTORY WHERE TS BETWEEN '02-APR-10 00:00:00' AND '21-APR-10 15:00:00' AND PERIOD = 5000 AND NAME='23034794.VES.MIN.WT.SP'
      ]]>
    </Query>
    <QueryResultParser>ip21_0001_post</QueryResultParser>
    <OutputDir>u:\projects\DPv2\OUTPUT_COMPILED_DATA</OutputDir>
    <OutputFile>IP21a</OutputFile>
    <Retries>0</Retries>
    <isQueryActive>0</isQueryActive>
  </Queries>
  <Queries>
    <ConnectionID>ip21_0001</ConnectionID>
    <QDescription>IP21 SQLPlus Query con ip21_0001</QDescription>
    <Query>
      <![CDATA[
        select * from ip_analogdef where ip_value_quality='Bad'
      ]]>
    </Query>
    <QueryResultParser></QueryResultParser>
    <OutputDir>u:\projects\DPv2\OUTPUT_COMPILED_DATA</OutputDir>
    <OutputFile>IP21b</OutputFile>
    <Retries>0</Retries>
    <isQueryActive>0</isQueryActive>
  </Queries>
  <Queries>
    <ConnectionID>ip21_0001</ConnectionID>
    <QDescription>IP21 SQLPlus Query con ip21_0001</QDescription>
    <Query>
      <![CDATA[
        SELECT * from ip_analogdef WHERE ip_value_quality='Initial'
      ]]>
    </Query>
    <QueryResultParser></QueryResultParser>
    <OutputDir>u:\projects\DPv2\OUTPUT_COMPILED_DATA</OutputDir>
    <OutputFile>IP21c</OutputFile>
    <Retries>0</Retries>
    <isQueryActive>0</isQueryActive>
  </Queries>
  <Queries>
    <ConnectionID>ora_0001</ConnectionID>
    <QDescription>LIMS Oracle Query ora_0001</QDescription>
    <Query>
      <![CDATA[
        select distinct sample_id from ods_dist.vw_zeb_combined_qcresults
      ]]>
    </Query>
    <QueryResultParser>ora_0001_post</QueryResultParser>
    <OutputDir>u:\projects\DPv2\OUTPUT_COMPILED_DATA</OutputDir>
    <OutputFile>LIFTa</OutputFile>
    <Retries>0</Retries>
    <isQueryActive>0</isQueryActive>
  </Queries>
  <Queries>
    <ConnectionID>ora_0002</ConnectionID>
    <QDescription>LIMS Oracle Query ora_0002</QDescription>
    <Query>
      <![CDATA[
        select distinct r.sampname from result r where r.sampid=332271
      ]]>
    </Query>
    <QueryResultParser></QueryResultParser>
    <OutputDir>u:\projects\DPv2\OUTPUT_COMPILED_DATA</OutputDir>
    <OutputFile>LIMSa</OutputFile>
    <Retries>0</Retries>
    <isQueryActive>0</isQueryActive>
  </Queries>
  <Queries>
    <ConnectionID>b21_0001</ConnectionID>
    <QDescription>B21 Query connectionid/map b21_0001</QDescription>
    <Query>
      <![CDATA[
        <Datasource xmlns='Aspentech.Batch21' name='zeb01'><Area name='SDMAN'><BatchQuery xmlns='Aspentech.Batch21' dataSourceName='' areaName=''><CharacteristicConditions clause='(1)'><CharacteristicCondition operator='atEqual' value='7zm1413'><CharacteristicSpecifier name='Batch Number' instance='1'/></CharacteristicCondition></CharacteristicConditions></BatchQuery></Area></Datasource>
      ]]>
    </Query>
    <QueryResultParser></QueryResultParser>
    <OutputDir>u:\projects\DPv2\OUTPUT_COMPILED_DATA</OutputDir>
    <OutputFile>B21a</OutputFile>
    <Retries>0</Retries>
    <isQueryActive>1</isQueryActive>
  </Queries>
</Configuration>
