cname,instance,cnameXsb1,instanceXsb1,cnameXsb2,instanceXsb2,name,value,dpsource
Solvent Granulation,1,,,,,END TIME,2007-07-16T23:01:33,Batch21 via websvc zebsamoc002
Solvent Granulation,1,,,,,START TIME,2007-07-16T19:52:09,Batch21 via websvc zebsamoc002
Solvent Granulation,1,,,,,Process Cell,RM 4391,Batch21 via websvc zebsamoc002
,1,FBD Granulation,1,,,END TIME,2007-07-16T23:01:33,Batch21 via websvc zebsamoc002
,1,FBD Granulation,1,,,START TIME,2007-07-16T19:52:09,Batch21 via websvc zebsamoc002
,1,FBD Granulation,1,,,Recipe Name,VALTREX CAPLETS,Batch21 via websvc zebsamoc002
,1,FBD Granulation,1,,,Unit,NIROMP8,Batch21 via websvc zebsamoc002
,1,,,Precondition,1,END TIME,2007-07-16T20:22:09,Batch21 via websvc zebsamoc002
,1,,,Precondition,1,START TIME,2007-07-16T19:52:09,Batch21 via websvc zebsamoc002
,1,,,Warmup,1,END TIME,2007-07-16T20:39:38,Batch21 via websvc zebsamoc002
,1,,,Warmup,1,START TIME,2007-07-16T20:22:09,Batch21 via websvc zebsamoc002
,1,,,Dry,1,END TIME,2007-07-16T20:44:35,Batch21 via websvc zebsamoc002
,1,,,Dry,1,START TIME,2007-07-16T20:39:38,Batch21 via websvc zebsamoc002
,1,,,Dry,2,END TIME,2007-07-16T20:49:33,Batch21 via websvc zebsamoc002
,1,,,Dry,2,START TIME,2007-07-16T20:44:36,Batch21 via websvc zebsamoc002
,1,,,Dry,3,END TIME,2007-07-16T22:42:01,Batch21 via websvc zebsamoc002
,1,,,Dry,3,START TIME,2007-07-16T20:49:33,Batch21 via websvc zebsamoc002
,1,,,Dry,4,END TIME,2007-07-16T23:01:33,Batch21 via websvc zebsamoc002
,1,,,Dry,4,START TIME,2007-07-16T22:42:01,Batch21 via websvc zebsamoc002
