<?xml version="1.0" encoding="UTF-8"?>
<?xml-stylesheet type="text/xsl" href="DataPost_Configuration.xslt"?>
<Configuration>
  <Connections>
    <Connection>
      <ConnectionID>ado_0001</ConnectionID>
      <ConnectionComment>FreeWeigh via ADO SQLServer usprd1208</ConnectionComment>
      <ConnectionDescription>FreeWeigh Production</ConnectionDescription>
      <Username></Username>
      <Password></Password>
      <Database></Database>
      <ConnectionString>
        <![CDATA[
          Provider=SQLOLEDB.1;Integrated Security=SSPI;Persist Security Info=False;Initial Catalog=usprd1208;Data Source=zebsamoc007
        ]]>
      </ConnectionString>
      <ConnectionEnabled>1</ConnectionEnabled>
    </Connection>

    <Connection>
      <ConnectionID>b21_0001</ConnectionID>
      <ConnectionComment>Batch21 via websvc zebsamoc002</ConnectionComment>
      <ConnectionDescription>AspenTech Batch21 PIMS Production</ConnectionDescription>
      <ConnectionString>
        <![CDATA[
          http://zebsamoc002/Batch21ws/Aspentech.Batch21.Web.Services.dll?Handler=Default
        ]]>
      </ConnectionString>
      <useNTLM>1</useNTLM>
      <Domain></Domain>
      <Username></Username>
      <Password></Password>
      <TimeoutDLI>1500000</TimeoutDLI>
      <ConnectionEnabled>1</ConnectionEnabled>
    </Connection>

    <Connection>
      <ConnectionID>ip21_0001</ConnectionID>
      <ConnectionComment>IP21 via websvc rtpsamoc004</ConnectionComment>
      <ConnectionDescription>AspenTech IP21 PIMS Test</ConnectionDescription>
      <ConnectionString>
        <![CDATA[
          http://rtpsamoc004/SQLPlusWebService/sqlpluswebservice.asmx
        ]]>
      </ConnectionString>
      <useNTLM>1</useNTLM>
      <Domain></Domain>
      <Username></Username>
      <Password></Password>
      <TimeoutDLI>150000</TimeoutDLI>
      <ConnectionEnabled>1</ConnectionEnabled>
    </Connection>
  </Connections>

  <Extracts>
    <Extract>
      <ExtractID>fw_0001e</ExtractID>
      <ConnectionID>ado_0001</ConnectionID>
      <ExecuteMacro>fw_0001e</ExecuteMacro>
      <ExtractComment>CCF 89125</ExtractComment>
      <ExtractDescription>FreeWeigh - Advair Trade</ExtractDescription>
      <Enterprise>GlaxoSmithKline (GSK)</Enterprise>
      <Site>Zebulon</Site>
      <Area>MDPI</Area>
      <Product>Advair Diskus (Trade)</Product>
      <ExtractString>
        <![CDATA[
          SELECT fwn.BatchList.sBatchNbr, fwn.Product.sProdName, fwn.TestItem.sItemName, fwn.VariableStp.dtSplTakenTime, fwn.IndValues.rValue1, 
                 fwn.IndValues.rValue2, fwn.IndValues.rValue3, fwn.IndValues.rValue4, fwn.IndValues.rValue5, fwn.ProdItemMach.nItemID
          FROM   fwn.VariableStp INNER JOIN
                 fwn.IndValues ON fwn.VariableStp.nSplRecID = fwn.IndValues.nSplRecID INNER JOIN
                 fwn.BatchList ON fwn.VariableStp.nBatch1ID = fwn.BatchList.nBatchID LEFT OUTER JOIN
                 fwn.ProdItemMach INNER JOIN
                 fwn.TestItem ON fwn.ProdItemMach.nItemID = fwn.TestItem.nItemID ON fwn.VariableStp.nID = fwn.ProdItemMach.nID AND
                 fwn.BatchList.nItemID = fwn.TestItem.nItemID LEFT OUTER JOIN
                 fwn.Product ON fwn.ProdItemMach.nProdID = fwn.Product.nProdID
          WHERE  fwn.Product.sProdName like 'Advair%%Trade' and fwn.BatchList.bBatchFinished = 1
                 AND fwn.VariableStp.dtspltakentime > {ts '&STARTDT'} and fwn.VariableStp.dtspltakentime < {ts '&ENDDT'}
        ]]>
      </ExtractString>
      <EmptyTags>
        <![CDATA[
          <NewDataSet><Table><sBatchNbr>xxxxxxxxxxxxxxxxxx</sBatchNbr><sProdName>xxxxxxxxxxxxxxxxxxxxxxx</sProdName><sItemName>xxxxxxxxxxxxxxxxxx</sItemName><dtSplTakenTime>xxxxxxxxxxxxxxxxxxx</dtSplTakenTime><rValue1>0000</rValue1><rValue2>0000</rValue2><rValue3>0000</rValue3><rValue4>0000</rValue4><rValue5>0000</rValue5><nItemID>000</nItemID></Table></NewDataSet>
        ]]>
      </EmptyTags>
      <DaysIntoPast_START>360</DaysIntoPast_START>
      <DaysFromToday_END>0</DaysFromToday_END>
      <IntervalDays>10</IntervalDays>
      <OutputSvr>\\rtpdsntp032\e\DataPostArchive\DPv2\</OutputSvr>
      <OutputDir>OUTPUT_COMPILED_DATA</OutputDir>
      <OutputFile>FW_0001E_AdvairTrade</OutputFile>
      <ExecuteFrequency>weekdays</ExecuteFrequency>
      <ExtractEnabled>1</ExtractEnabled>
    </Extract>

    <Extract>
      <ExtractID>ip21_0001e</ExtractID>
      <ConnectionID>ip21_0001</ConnectionID>
      <ExecuteMacro>ip21_0001e</ExecuteMacro>
      <ExtractComment>CCF 89125</ExtractComment>
      <ExtractDescription>IP21 Line 8 Filler Data - 18 tags 5 minute period - Weekly</ExtractDescription>
      <Enterprise>GlaxoSmithKline (GSK)</Enterprise>
      <Site>Zebulon</Site>
      <Area>MDI</Area>
      <Product></Product>
      <ExtractString>
        <![CDATA[
          SELECT NAME, TS, VALUE FROM HISTORY WHERE TS BETWEEN '&STARTDT' AND '&ENDDT' AND PERIOD = 3000 AND NAME IN('23034794.BATCH.RTIME.PV','23034794.FILL.RM.HUM.PV','23034794.FILL.RM.TEMP.PV','23034794.GROSS.WEIGHT.PV','23034794.MIX.RM.HUM.PV','23034794.MIX.RM.TEMP.PV','23034794.NET.WEIGHT.PV','23034794.PROD.TEMP.PV','23034794.PROP.SU.PRES.PV','23034794.PROP.WA.PRES.PV','23034794.RECIR.FLOW.PV','23034794.RECIR.PRES.PV','23034794.RECIR.VES.PR.PV','23034794.RECR.PMP.PRS.PV','23034794.RECR.PMP.SPD.PV','23034794.RECR.PRD.TMP.PV','23034794.TARE.WEIGHT.PV','23034794.VESSEL.PRES.PV')
        ]]>
      </ExtractString>
      <EmptyTags>
        <![CDATA[
          <NewDataSet><Table><NAME>xxxxxxxxxxxxxxxxxxxxxxx</NAME><TS>00000000000000000000</TS><VALUE>0000000000000</VALUE></Table></NewDataSet>
        ]]>
      </EmptyTags>
      <ParentExtractID>PARENT</ParentExtractID>
      <DaysIntoPast_START>90</DaysIntoPast_START>
      <DaysFromToday_END>10</DaysFromToday_END>
      <IntervalDays>10</IntervalDays>
      <OutputSvr>\\rtpdsntp032\e\DataPostArchive\DPv2\</OutputSvr>
      <OutputDir>OUTPUT_COMPILED_DATA</OutputDir>
      <OutputFile>IP21_0001E_Line8Filler</OutputFile>
      <ExecuteFrequency>sunday</ExecuteFrequency>
      <ExtractEnabled>1</ExtractEnabled>
    </Extract>

    <Extract>
      <ExtractID>ip21_0002e</ExtractID>
      <ConnectionID>ip21_0001</ConnectionID>
      <ExecuteMacro>ip21_0001e</ExecuteMacro>
      <ExtractComment>CCF 89125</ExtractComment>
      <ExtractDescription>IP21 Line 8 Filler Data - 18 tags 5 minute period - Current</ExtractDescription>
      <Enterprise>GlaxoSmithKline (GSK)</Enterprise>
      <Site>Zebulon</Site>
      <Area>MDI</Area>
      <Product></Product>
      <ExtractString>
        <![CDATA[
          SELECT NAME, TS, VALUE FROM HISTORY WHERE TS BETWEEN '&STARTDT' AND '&ENDDT' AND PERIOD = 3000 AND NAME IN('23034794.BATCH.RTIME.PV','23034794.FILL.RM.HUM.PV','23034794.FILL.RM.TEMP.PV','23034794.GROSS.WEIGHT.PV','23034794.MIX.RM.HUM.PV','23034794.MIX.RM.TEMP.PV','23034794.NET.WEIGHT.PV','23034794.PROD.TEMP.PV','23034794.PROP.SU.PRES.PV','23034794.PROP.WA.PRES.PV','23034794.RECIR.FLOW.PV','23034794.RECIR.PRES.PV','23034794.RECIR.VES.PR.PV','23034794.RECR.PMP.PRS.PV','23034794.RECR.PMP.SPD.PV','23034794.RECR.PRD.TMP.PV','23034794.TARE.WEIGHT.PV','23034794.VESSEL.PRES.PV')
        ]]>
      </ExtractString>
      <EmptyTags>
        <![CDATA[
          <NewDataSet><Table><NAME>xxxxxxxxxxxxxxxxxxxxxxx</NAME><TS>00000000000000000000</TS><VALUE>0000000000000</VALUE></Table></NewDataSet>
        ]]>
      </EmptyTags>
      <ParentExtractID>ip21_0001e</ParentExtractID>
      <DaysIntoPast_START>auto</DaysIntoPast_START>
      <DaysFromToday_END>0</DaysFromToday_END>
      <IntervalDays>10</IntervalDays>
      <OutputSvr>\\rtpdsntp032\e\DataPostArchive\DPv2\</OutputSvr>
      <OutputDir>OUTPUT_COMPILED_DATA</OutputDir>
      <OutputFile>IP21_0002E_Line8Filler</OutputFile>
      <ExecuteFrequency>weekdays</ExecuteFrequency>
      <ExtractEnabled>1</ExtractEnabled>
    </Extract>

    <Extract>
      <ExtractID>b21_0001e</ExtractID>
      <ConnectionID>b21_0001</ConnectionID>
      <ExecuteMacro>b21_0001e</ExecuteMacro>
      <ExtractComment>CCF 89125</ExtractComment>
      <ExtractDescription>Batch21 Webservice ZEB01 SDMAN</ExtractDescription>
      <Enterprise>GlaxoSmithKline (GSK)</Enterprise>
      <Site>Zebulon</Site>
      <Area>Solid Dose</Area>
      <Product></Product>
      <ExtractString>
        <![CDATA[
          <Datasource xmlns='Aspentech.Batch21' name='ZEB01'><Area name='SDMAN'><BatchQuery xmlns='Aspentech.Batch21' dataSourceName='' areaName=''><TimeRange start='&STARTDT' end='&ENDDT' /></BatchQuery></Area></Datasource>
        ]]>
      </ExtractString>
      <XMLMap>b21_0001e.map</XMLMap>
      <DaysIntoPast_START>360</DaysIntoPast_START>
      <DaysFromToday_END>0</DaysFromToday_END>
      <DaylightTimeOffset>-4</DaylightTimeOffset>
      <StandardTimeOffset>-5</StandardTimeOffset>
      <Designator1>Batch Number</Designator1>
      <Designator2></Designator2>
      <Designator3></Designator3>
      <Designator4></Designator4>
      <Designator5></Designator5>
      <DesigQrySB1>Batch</DesigQrySB1>
      <DesigQrySB2>Procedure</DesigQrySB2>
      <DesigQrySB3>Operation</DesigQrySB3>
      <DesigQrySB4>Phase</DesigQrySB4>
      <DebugPrintNOBS>0</DebugPrintNOBS>
      <OutputSvr>\\rtpdsntp032\e\DataPostArchive\DPv2\</OutputSvr>
      <OutputDir>OUTPUT_COMPILED_DATA</OutputDir>
      <OutputFile>B21_0001E_ZEB01_SDMAN</OutputFile>
      <ExecuteFrequency>weekdays</ExecuteFrequency>
      <ExtractEnabled>1</ExtractEnabled>
    </Extract>
  </Extracts>

  <Transforms>
    <Transform>
      <TransformID>ip21_0001t</TransformID>
      <ExtractID>ip21_0001e</ExtractID>
      <TransformComment>CCF 89125 sunday transform</TransformComment>
      <TransformDescription>IP21 Line 8 Filler - 18 tag 5 minute period transpose - Weekly</TransformDescription>
      <ExecuteMacro>ip21_0001t</ExecuteMacro>
      <OutputSvr>\\rtpdsntp032\e\DataPostArchive\DPv2\</OutputSvr>
      <OutputDir>OUTPUT_COMPILED_DATA</OutputDir>
      <InputFiles>
        <InputFile1>IP21_0001E_Line8Filler</InputFile1>
        <InputFile2></InputFile2>
        <InputFile3></InputFile3>
        <InputFile4></InputFile4>
        <InputFile5></InputFile5>
      </InputFiles>
      <OutputFile>IP21_0001T_Line8Filler</OutputFile>
      <ExecuteFrequency>sunday</ExecuteFrequency>
      <TransformEnabled>1</TransformEnabled>
    </Transform>

    <Transform>
      <TransformID>ip21_0002t</TransformID>
      <ExtractID>ip21_0002e</ExtractID>
      <TransformComment>CCF 89125 weekdays transform</TransformComment>
      <TransformDescription>IP21 Line 8 Filler - 18 tag 5 minute period transpose - Current</TransformDescription>
      <ExecuteMacro>ip21_0001t</ExecuteMacro>
      <OutputSvr>\\rtpdsntp032\e\DataPostArchive\DPv2\</OutputSvr>
      <OutputDir>OUTPUT_COMPILED_DATA</OutputDir>
      <InputFiles>
        <InputFile1>IP21_0002E_Line8Filler</InputFile1>
        <InputFile2></InputFile2>
        <InputFile3></InputFile3>
        <InputFile4></InputFile4>
        <InputFile5></InputFile5>
      </InputFiles>
      <OutputFile>IP21_0002T_Line8Filler</OutputFile>
      <ExecuteFrequency>weekdays</ExecuteFrequency>
      <TransformEnabled>1</TransformEnabled>
    </Transform>
  </Transforms>
</Configuration>
